,x
1,random
2,random
3,random
4,random
5,random
6,random
7,random
8,random
9,random
10,random
11,random
12,random
13,random
14,random
15,random
16,random
17,random
18,random
19,random
20,random
21,random
22,random
23,random
24,random
25,random
26,random
27,random
28,random
29,random
30,random
31,random
32,random
33,random
34,random
35,random
36,random
37,random
38,random
39,random
40,random
41,random
42,random
43,random
44,random
45,random
46,random
47,random
48,random
49,random
50,random
51,random
52,random
53,random
54,random
55,random
56,random
57,random
58,random
59,random
60,random
61,random
62,random
63,random
64,random
65,random
66,random
67,random
68,random
69,random
70,random
71,random
72,random
73,random
74,random
75,random
76,random
77,random
78,random
79,random
80,random
81,random
82,random
83,random
84,random
85,random
86,random
87,random
88,random
89,random
90,random
91,random
92,random
93,random
94,ring
95,ring
96,ring
97,ring
98,ring
99,ring
100,ring
101,ring
102,ring
103,ring
104,ring
105,ring
106,ring
107,ring
108,ring
109,ring
110,ring
111,ring
112,ring
113,ring
114,ring
115,ring
116,ring
117,ring
118,ring
119,ring
120,ring
121,ring
122,ring
123,ring
124,ring
125,ring
126,ring
127,ring
128,ring
129,ring
130,ring
131,ring
132,ring
133,ring
134,ring
135,ring
136,ring
137,ring
138,ring
139,ring
140,ring
141,ring
142,ring
143,ring
144,ring
145,ring
146,ring
147,center
148,center
149,center
150,center
151,center
152,center
153,center
154,center
155,center
156,center
157,center
158,center
159,center
160,center
161,center
162,center
163,center
164,center
165,center
166,center
167,center
168,center
169,center
170,center
171,center
172,center
173,center
174,center
175,center
176,center
177,center
178,donut
179,donut
180,donut
181,donut
182,donut
183,donut
184,donut
185,donut
186,donut
187,donut
188,donut
189,donut
190,donut
191,donut
192,donut
193,donut
194,donut
195,donut
196,donut
197,donut
198,donut
199,donut
200,donut
201,donut
202,donut
203,donut
204,donut
205,donut
206,donut
207,donut
208,donut
209,moon
210,moon
211,moon
212,moon
213,moon
214,moon
215,moon
216,moon
217,moon
218,moon
219,moon
220,moon
221,moon
222,moon
223,moon
224,moon
225,moon
226,moon
227,moon
228,moon
229,moon
230,moon
231,moon
232,moon
233,moon
234,moon
235,moon
236,moon
237,moon
238,moon
239,moon
240,moon
241,moon
242,moon
243,moon
244,moon
245,moon
246,moon
247,edge
248,edge
249,edge
250,edge
251,edge
252,edge
253,edge
254,edge
255,edge
256,edge
257,edge
258,edge
259,edge
260,edge
261,edge
262,edge
263,edge
264,edge
265,edge
266,edge
267,edge
268,edge
269,edge
270,edge
271,edge
272,edge
273,edge
274,edge
275,edge
276,edge
277,edge
278,edge
279,edge
280,edge
281,edge
282,edge
283,edge
284,edge
285,edge
286,edge
287,edge
288,edge
289,edge
290,edge
291,edge
292,edge
293,edge
294,edge
295,edge
296,edge
297,edge
298,edge
299,edge
300,edge
301,dmd
302,dmd
303,dmd
304,dmd
305,dmd
306,dmd
307,dmd
308,dmd
309,dmd
310,dmd
311,dmd
312,dmd
313,dmd
314,dmd
315,dmd
316,dmd
317,dmd
318,dmd
319,cmc
320,cmc
321,cmc
322,cmc
323,cmc
324,cmc
325,cmc
326,cmc
327,cmc
328,cmc
329,cmc
330,cmc
331,cmc
332,cmc
333,cmc
334,cmc
335,random
336,random
337,random
338,random
339,random
340,random
341,random
342,random
343,random
344,random
345,random
346,random
347,random
348,random
349,random
350,random
351,random
352,random
353,random
354,random
355,random
356,random
357,random
358,random
359,random
360,random
361,random
362,random
363,random
364,random
365,random
366,random
367,random
368,random
369,random
370,random
371,random
372,random
373,random
374,random
375,random
376,random
377,random
378,random
379,random
380,random
381,random
382,random
383,random
384,random
385,random
386,random
387,random
388,random
389,random
390,random
391,random
392,random
393,random
394,random
395,random
396,random
397,random
398,random
399,random
400,random
401,random
402,random
403,random
404,random
405,random
406,random
407,random
408,random
409,random
410,random
411,random
412,random
413,random
414,random
415,random
416,random
417,random
418,random
419,random
420,random
421,random
422,random
423,random
424,random
425,random
426,random
427,random
428,random
429,random
430,random
431,random
432,ring
433,ring
434,ring
435,ring
436,ring
437,ring
438,ring
439,ring
440,ring
441,ring
442,ring
443,ring
444,ring
445,ring
446,ring
447,ring
448,ring
449,ring
450,ring
451,ring
452,ring
453,ring
454,ring
455,ring
456,ring
457,ring
458,ring
459,ring
460,ring
461,ring
462,ring
463,ring
464,ring
465,ring
466,ring
467,ring
468,ring
469,ring
470,ring
471,ring
472,ring
473,ring
474,ring
475,ring
476,ring
477,ring
478,ring
479,ring
480,ring
481,ring
482,ring
483,ring
484,ring
485,ring
486,ring
487,ring
488,ring
489,ring
490,ring
491,ring
492,ring
493,ring
494,ring
495,ring
496,ring
497,ring
498,ring
499,ring
500,ring
501,center
502,center
503,center
504,center
505,center
506,center
507,center
508,center
509,center
510,center
511,center
512,center
513,center
514,center
515,center
516,center
517,center
518,center
519,center
520,center
521,center
522,center
523,center
524,center
525,center
526,donut
527,donut
528,donut
529,donut
530,donut
531,donut
532,donut
533,donut
534,donut
535,donut
536,donut
537,donut
538,donut
539,donut
540,donut
541,donut
542,donut
543,donut
544,donut
545,donut
546,donut
547,donut
548,donut
549,donut
550,donut
551,donut
552,donut
553,donut
554,donut
555,donut
556,donut
557,donut
558,donut
559,donut
560,donut
561,donut
562,donut
563,donut
564,donut
565,donut
566,donut
567,donut
568,donut
569,donut
570,donut
571,moon
572,moon
573,moon
574,moon
575,moon
576,moon
577,moon
578,moon
579,moon
580,moon
581,moon
582,moon
583,moon
584,moon
585,moon
586,moon
587,moon
588,moon
589,moon
590,moon
591,moon
592,moon
593,moon
594,moon
595,moon
596,moon
597,moon
598,moon
599,moon
600,moon
601,moon
602,moon
603,moon
604,moon
605,moon
606,moon
607,moon
608,moon
609,moon
610,moon
611,moon
612,moon
613,moon
614,moon
615,moon
616,moon
617,moon
618,moon
619,moon
620,moon
621,moon
622,moon
623,moon
624,moon
625,moon
626,moon
627,moon
628,edge
629,edge
630,edge
631,edge
632,edge
633,edge
634,edge
635,edge
636,edge
637,edge
638,edge
639,edge
640,edge
641,edge
642,edge
643,edge
644,edge
645,edge
646,edge
647,edge
648,edge
649,edge
650,edge
651,edge
652,edge
653,edge
654,edge
655,edge
656,edge
657,edge
658,edge
659,edge
660,edge
661,edge
662,edge
663,edge
664,edge
665,edge
666,edge
667,edge
668,edge
669,edge
670,edge
671,edge
672,edge
673,edge
674,edge
675,edge
676,edge
677,edge
678,edge
679,edge
680,edge
681,dmd
682,dmd
683,dmd
684,dmd
685,dmd
686,dmd
687,dmd
688,dmd
689,dmd
690,dmd
691,dmd
692,dmd
693,dmd
694,dmd
695,dmd
696,dmd
697,dmd
698,dmd
699,dmd
700,dmd
701,dmd
702,dmd
703,cmc
704,cmc
705,cmc
706,cmc
707,cmc
708,cmc
709,cmc
710,cmc
711,cmc
712,cmc
713,cmc
714,cmc
715,cmc
716,cmc
717,cmc
718,cmc
719,cmc
720,cmc
721,cmc
722,cmc
723,cmc
724,cmc
725,cmc
726,cmc
727,cmc
728,random
729,random
730,random
731,random
732,random
733,random
734,random
735,random
736,random
737,random
738,random
739,random
740,random
741,random
742,random
743,random
744,random
745,random
746,random
747,random
748,random
749,random
750,random
751,random
752,random
753,random
754,random
755,random
756,random
757,random
758,random
759,random
760,random
761,random
762,random
763,random
764,random
765,random
766,random
767,random
768,random
769,random
770,random
771,random
772,random
773,random
774,random
775,random
776,random
777,random
778,random
779,random
780,random
781,random
782,random
783,random
784,random
785,random
786,random
787,random
788,random
789,random
790,random
791,random
792,random
793,random
794,random
795,random
796,random
797,random
798,random
799,random
800,random
801,random
802,random
803,random
804,random
805,random
806,random
807,random
808,random
809,random
810,random
811,ring
812,ring
813,ring
814,ring
815,ring
816,ring
817,ring
818,ring
819,ring
820,ring
821,ring
822,ring
823,ring
824,ring
825,ring
826,ring
827,ring
828,ring
829,ring
830,ring
831,ring
832,ring
833,ring
834,ring
835,ring
836,ring
837,ring
838,ring
839,ring
840,ring
841,ring
842,ring
843,ring
844,ring
845,ring
846,ring
847,ring
848,ring
849,ring
850,ring
851,ring
852,ring
853,ring
854,ring
855,ring
856,ring
857,ring
858,ring
859,ring
860,ring
861,ring
862,ring
863,ring
864,ring
865,ring
866,ring
867,ring
868,center
869,center
870,center
871,center
872,center
873,center
874,center
875,center
876,center
877,center
878,center
879,center
880,center
881,center
882,center
883,center
884,center
885,center
886,center
887,center
888,center
889,center
890,center
891,center
892,center
893,center
894,center
895,center
896,center
897,donut
898,donut
899,donut
900,donut
901,donut
902,donut
903,donut
904,donut
905,donut
906,donut
907,donut
908,donut
909,donut
910,donut
911,donut
912,donut
913,donut
914,donut
915,donut
916,donut
917,donut
918,donut
919,donut
920,donut
921,donut
922,donut
923,donut
924,donut
925,moon
926,moon
927,moon
928,moon
929,moon
930,moon
931,moon
932,moon
933,moon
934,moon
935,moon
936,moon
937,moon
938,moon
939,moon
940,moon
941,moon
942,moon
943,moon
944,moon
945,moon
946,moon
947,moon
948,moon
949,moon
950,moon
951,moon
952,moon
953,moon
954,moon
955,moon
956,moon
957,moon
958,moon
959,moon
960,moon
961,moon
962,moon
963,moon
964,moon
965,moon
966,moon
967,moon
968,moon
969,moon
970,moon
971,moon
972,moon
973,moon
974,moon
975,moon
976,moon
977,moon
978,moon
979,moon
980,moon
981,moon
982,edge
983,edge
984,edge
985,edge
986,edge
987,edge
988,edge
989,edge
990,edge
991,edge
992,edge
993,edge
994,edge
995,edge
996,edge
997,edge
998,edge
999,edge
1000,edge
1001,edge
1002,edge
1003,edge
1004,edge
1005,edge
1006,edge
1007,edge
1008,edge
1009,edge
1010,edge
1011,edge
1012,edge
1013,edge
1014,edge
1015,edge
1016,edge
1017,edge
1018,edge
1019,edge
1020,edge
1021,edge
1022,edge
1023,edge
1024,edge
1025,edge
1026,edge
1027,edge
1028,edge
1029,edge
1030,edge
1031,edge
1032,edge
1033,edge
1034,edge
1035,edge
1036,edge
1037,edge
1038,edge
1039,dmd
1040,dmd
1041,dmd
1042,dmd
1043,dmd
1044,dmd
1045,dmd
1046,dmd
1047,dmd
1048,dmd
1049,dmd
1050,dmd
1051,dmd
1052,dmd
1053,dmd
1054,dmd
1055,dmd
1056,dmd
1057,dmd
1058,dmd
1059,dmd
1060,dmd
1061,dmd
1062,dmd
1063,dmd
1064,dmd
1065,dmd
1066,dmd
1067,dmd
1068,cmc
1069,cmc
1070,cmc
1071,cmc
1072,cmc
1073,cmc
1074,cmc
1075,cmc
1076,cmc
1077,cmc
1078,cmc
1079,cmc
1080,cmc
1081,cmc
1082,cmc
1083,cmc
1084,cmc
1085,cmc
1086,cmc
1087,cmc
1088,cmc
1089,cmc
1090,cmc
1091,cmc
1092,random
1093,random
1094,random
1095,random
1096,random
1097,random
1098,random
1099,random
1100,random
1101,random
1102,random
1103,random
1104,random
1105,random
1106,random
1107,random
1108,random
1109,random
1110,random
1111,random
1112,random
1113,random
1114,random
1115,random
1116,random
1117,random
1118,random
1119,random
1120,random
1121,random
1122,random
1123,random
1124,random
1125,random
1126,random
1127,random
1128,random
1129,random
1130,random
1131,random
1132,random
1133,random
1134,random
1135,random
1136,random
1137,random
1138,random
1139,random
1140,random
1141,random
1142,random
1143,random
1144,random
1145,random
1146,random
1147,random
1148,random
1149,random
1150,random
1151,random
1152,random
1153,random
1154,random
1155,random
1156,random
1157,random
1158,random
1159,random
1160,random
1161,random
1162,random
1163,random
1164,random
1165,random
1166,random
1167,random
1168,random
1169,random
1170,random
1171,random
1172,random
1173,random
1174,random
1175,random
1176,random
1177,random
1178,random
1179,random
1180,ring
1181,ring
1182,ring
1183,ring
1184,ring
1185,ring
1186,ring
1187,ring
1188,ring
1189,ring
1190,ring
1191,ring
1192,ring
1193,ring
1194,ring
1195,ring
1196,ring
1197,ring
1198,ring
1199,ring
1200,ring
1201,ring
1202,ring
1203,ring
1204,ring
1205,ring
1206,ring
1207,ring
1208,ring
1209,ring
1210,ring
1211,ring
1212,ring
1213,ring
1214,ring
1215,ring
1216,ring
1217,ring
1218,ring
1219,ring
1220,ring
1221,ring
1222,ring
1223,ring
1224,ring
1225,ring
1226,ring
1227,ring
1228,ring
1229,ring
1230,ring
1231,ring
1232,ring
1233,center
1234,center
1235,center
1236,center
1237,center
1238,center
1239,center
1240,center
1241,center
1242,center
1243,center
1244,center
1245,center
1246,center
1247,center
1248,center
1249,center
1250,center
1251,center
1252,center
1253,center
1254,center
1255,center
1256,center
1257,center
1258,center
1259,center
1260,center
1261,donut
1262,donut
1263,donut
1264,donut
1265,donut
1266,donut
1267,donut
1268,donut
1269,donut
1270,donut
1271,donut
1272,donut
1273,donut
1274,donut
1275,donut
1276,donut
1277,donut
1278,donut
1279,donut
1280,donut
1281,donut
1282,donut
1283,donut
1284,donut
1285,donut
1286,donut
1287,donut
1288,donut
1289,donut
1290,moon
1291,moon
1292,moon
1293,moon
1294,moon
1295,moon
1296,moon
1297,moon
1298,moon
1299,moon
1300,moon
1301,moon
1302,moon
1303,moon
1304,moon
1305,moon
1306,moon
1307,moon
1308,moon
1309,moon
1310,moon
1311,moon
1312,moon
1313,moon
1314,moon
1315,moon
1316,moon
1317,moon
1318,moon
1319,moon
1320,moon
1321,moon
1322,moon
1323,moon
1324,moon
1325,moon
1326,moon
1327,moon
1328,moon
1329,moon
1330,moon
1331,moon
1332,moon
1333,moon
1334,moon
1335,moon
1336,moon
1337,moon
1338,moon
1339,moon
1340,moon
1341,moon
1342,moon
1343,moon
1344,moon
1345,moon
1346,moon
1347,moon
1348,moon
1349,moon
1350,moon
1351,moon
1352,moon
1353,moon
1354,moon
1355,moon
1356,moon
1357,moon
1358,moon
1359,moon
1360,moon
1361,moon
1362,edge
1363,edge
1364,edge
1365,edge
1366,edge
1367,edge
1368,edge
1369,edge
1370,edge
1371,edge
1372,edge
1373,edge
1374,edge
1375,edge
1376,edge
1377,edge
1378,edge
1379,edge
1380,edge
1381,edge
1382,edge
1383,edge
1384,edge
1385,edge
1386,edge
1387,edge
1388,edge
1389,edge
1390,edge
1391,edge
1392,edge
1393,edge
1394,edge
1395,edge
1396,edge
1397,edge
1398,edge
1399,edge
1400,edge
1401,edge
1402,edge
1403,edge
1404,edge
1405,edge
1406,edge
1407,edge
1408,edge
1409,edge
1410,edge
1411,edge
1412,edge
1413,edge
1414,edge
1415,edge
1416,edge
1417,edge
1418,edge
1419,edge
1420,edge
1421,edge
1422,edge
1423,edge
1424,edge
1425,edge
1426,edge
1427,dmd
1428,dmd
1429,dmd
1430,dmd
1431,dmd
1432,dmd
1433,dmd
1434,dmd
1435,dmd
1436,dmd
1437,dmd
1438,dmd
1439,dmd
1440,dmd
1441,dmd
1442,dmd
1443,dmd
1444,dmd
1445,dmd
1446,dmd
1447,dmd
1448,cmc
1449,cmc
1450,cmc
1451,cmc
1452,cmc
1453,cmc
1454,cmc
1455,cmc
1456,cmc
1457,cmc
1458,cmc
1459,cmc
1460,cmc
1461,cmc
1462,cmc
1463,cmc
1464,cmc
1465,cmc
1466,cmc
1467,random
1468,random
1469,random
1470,random
1471,random
1472,random
1473,random
1474,random
1475,random
1476,random
1477,random
1478,random
1479,random
1480,random
1481,random
1482,random
1483,random
1484,random
1485,random
1486,random
1487,random
1488,random
1489,random
1490,random
1491,random
1492,random
1493,random
1494,random
1495,random
1496,random
1497,random
1498,random
1499,random
1500,random
1501,random
1502,random
1503,random
1504,random
1505,random
1506,random
1507,random
1508,random
1509,random
1510,random
1511,random
1512,random
1513,random
1514,random
1515,random
1516,random
1517,random
1518,random
1519,random
1520,random
1521,random
1522,random
1523,random
1524,random
1525,random
1526,random
1527,random
1528,random
1529,random
1530,random
1531,random
1532,random
1533,random
1534,random
1535,random
1536,random
1537,random
1538,random
1539,random
1540,random
1541,random
1542,random
1543,random
1544,random
1545,random
1546,random
1547,random
1548,random
1549,random
1550,random
1551,random
1552,random
1553,random
1554,random
1555,random
1556,random
1557,ring
1558,ring
1559,ring
1560,ring
1561,ring
1562,ring
1563,ring
1564,ring
1565,ring
1566,ring
1567,ring
1568,ring
1569,ring
1570,ring
1571,ring
1572,ring
1573,ring
1574,ring
1575,ring
1576,ring
1577,ring
1578,ring
1579,ring
1580,ring
1581,ring
1582,ring
1583,ring
1584,ring
1585,ring
1586,ring
1587,ring
1588,ring
1589,ring
1590,ring
1591,ring
1592,ring
1593,ring
1594,ring
1595,ring
1596,ring
1597,ring
1598,ring
1599,ring
1600,ring
1601,ring
1602,ring
1603,ring
1604,ring
1605,ring
1606,ring
1607,center
1608,center
1609,center
1610,center
1611,center
1612,center
1613,center
1614,center
1615,center
1616,center
1617,center
1618,center
1619,center
1620,center
1621,center
1622,center
1623,center
1624,center
1625,center
1626,center
1627,center
1628,center
1629,center
1630,center
1631,center
1632,center
1633,center
1634,center
1635,center
1636,center
1637,center
1638,center
1639,center
1640,center
1641,center
1642,center
1643,center
1644,center
1645,center
1646,donut
1647,donut
1648,donut
1649,donut
1650,donut
1651,donut
1652,donut
1653,donut
1654,donut
1655,donut
1656,donut
1657,donut
1658,donut
1659,donut
1660,donut
1661,donut
1662,donut
1663,donut
1664,donut
1665,donut
1666,donut
1667,donut
1668,donut
1669,donut
1670,donut
1671,donut
1672,donut
1673,donut
1674,donut
1675,donut
1676,donut
1677,donut
1678,donut
1679,donut
1680,donut
1681,donut
1682,donut
1683,donut
1684,donut
1685,moon
1686,moon
1687,moon
1688,moon
1689,moon
1690,moon
1691,moon
1692,moon
1693,moon
1694,moon
1695,moon
1696,moon
1697,moon
1698,moon
1699,moon
1700,moon
1701,moon
1702,moon
1703,moon
1704,moon
1705,moon
1706,moon
1707,moon
1708,moon
1709,moon
1710,moon
1711,moon
1712,moon
1713,moon
1714,moon
1715,moon
1716,moon
1717,moon
1718,moon
1719,moon
1720,moon
1721,moon
1722,moon
1723,moon
1724,moon
1725,moon
1726,moon
1727,moon
1728,moon
1729,moon
1730,moon
1731,moon
1732,moon
1733,moon
1734,edge
1735,edge
1736,edge
1737,edge
1738,edge
1739,edge
1740,edge
1741,edge
1742,edge
1743,edge
1744,edge
1745,edge
1746,edge
1747,edge
1748,edge
1749,edge
1750,edge
1751,edge
1752,edge
1753,edge
1754,edge
1755,edge
1756,edge
1757,edge
1758,edge
1759,edge
1760,edge
1761,edge
1762,edge
1763,edge
1764,edge
1765,edge
1766,edge
1767,edge
1768,edge
1769,edge
1770,edge
1771,edge
1772,edge
1773,edge
1774,edge
1775,edge
1776,dmd
1777,dmd
1778,dmd
1779,dmd
1780,dmd
1781,dmd
1782,dmd
1783,dmd
1784,dmd
1785,dmd
1786,dmd
1787,dmd
1788,dmd
1789,dmd
1790,dmd
1791,dmd
1792,cmc
1793,cmc
1794,cmc
1795,cmc
1796,cmc
1797,cmc
1798,cmc
1799,cmc
1800,cmc
1801,cmc
1802,cmc
1803,cmc
1804,cmc
1805,cmc
1806,cmc
1807,cmc
1808,cmc
1809,cmc
1810,cmc
1811,cmc
1812,cmc
1813,cmc
1814,cmc
1815,cmc
1816,cmc
1817,cmc
1818,cmc
1819,cmc
1820,cmc
1821,cmc
1822,cmc
1823,cmc
1824,cmc
1825,cmc
1826,cmc
1827,cmc
1828,cmc
1829,random
1830,random
1831,random
1832,random
1833,random
1834,random
1835,random
1836,random
1837,random
1838,random
1839,random
1840,random
1841,random
1842,random
1843,random
1844,random
1845,random
1846,random
1847,random
1848,random
1849,random
1850,random
1851,random
1852,random
1853,random
1854,random
1855,random
1856,random
1857,random
1858,random
1859,random
1860,random
1861,random
1862,random
1863,random
1864,random
1865,random
1866,random
1867,random
1868,random
1869,random
1870,random
1871,random
1872,random
1873,random
1874,random
1875,random
1876,random
1877,random
1878,random
1879,random
1880,random
1881,random
1882,random
1883,random
1884,random
1885,random
1886,random
1887,random
1888,random
1889,random
1890,random
1891,random
1892,random
1893,random
1894,random
1895,random
1896,random
1897,random
1898,random
1899,random
1900,random
1901,random
1902,random
1903,random
1904,random
1905,random
1906,random
1907,random
1908,random
1909,random
1910,random
1911,random
1912,random
1913,random
1914,random
1915,random
1916,random
1917,random
1918,ring
1919,ring
1920,ring
1921,ring
1922,ring
1923,ring
1924,ring
1925,ring
1926,ring
1927,ring
1928,ring
1929,ring
1930,ring
1931,ring
1932,ring
1933,ring
1934,ring
1935,ring
1936,ring
1937,ring
1938,ring
1939,ring
1940,ring
1941,ring
1942,ring
1943,ring
1944,ring
1945,ring
1946,ring
1947,ring
1948,ring
1949,ring
1950,ring
1951,ring
1952,ring
1953,ring
1954,ring
1955,ring
1956,ring
1957,ring
1958,ring
1959,ring
1960,ring
1961,ring
1962,ring
1963,ring
1964,ring
1965,ring
1966,ring
1967,ring
1968,ring
1969,ring
1970,ring
1971,ring
1972,ring
1973,ring
1974,ring
1975,center
1976,center
1977,center
1978,center
1979,center
1980,center
1981,center
1982,center
1983,center
1984,center
1985,center
1986,center
1987,center
1988,center
1989,center
1990,center
1991,center
1992,center
1993,center
1994,center
1995,center
1996,center
1997,center
1998,center
1999,center
2000,center
2001,center
2002,center
2003,center
2004,center
2005,center
2006,center
2007,center
2008,center
2009,center
2010,center
2011,center
2012,center
2013,donut
2014,donut
2015,donut
2016,donut
2017,donut
2018,donut
2019,donut
2020,donut
2021,donut
2022,donut
2023,donut
2024,donut
2025,donut
2026,donut
2027,donut
2028,donut
2029,donut
2030,donut
2031,donut
2032,donut
2033,donut
2034,donut
2035,donut
2036,donut
2037,donut
2038,donut
2039,donut
2040,donut
2041,donut
2042,donut
2043,donut
2044,moon
2045,moon
2046,moon
2047,moon
2048,moon
2049,moon
2050,moon
2051,moon
2052,moon
2053,moon
2054,moon
2055,moon
2056,moon
2057,moon
2058,moon
2059,moon
2060,moon
2061,moon
2062,moon
2063,moon
2064,moon
2065,moon
2066,moon
2067,moon
2068,moon
2069,moon
2070,moon
2071,moon
2072,moon
2073,moon
2074,moon
2075,moon
2076,moon
2077,moon
2078,moon
2079,moon
2080,moon
2081,moon
2082,moon
2083,moon
2084,moon
2085,moon
2086,moon
2087,moon
2088,moon
2089,moon
2090,moon
2091,moon
2092,moon
2093,moon
2094,moon
2095,moon
2096,moon
2097,moon
2098,edge
2099,edge
2100,edge
2101,edge
2102,edge
2103,edge
2104,edge
2105,edge
2106,edge
2107,edge
2108,edge
2109,edge
2110,edge
2111,edge
2112,edge
2113,edge
2114,edge
2115,edge
2116,edge
2117,edge
2118,edge
2119,edge
2120,edge
2121,edge
2122,edge
2123,edge
2124,edge
2125,edge
2126,edge
2127,edge
2128,edge
2129,edge
2130,edge
2131,edge
2132,edge
2133,edge
2134,edge
2135,edge
2136,edge
2137,edge
2138,edge
2139,edge
2140,edge
2141,edge
2142,edge
2143,edge
2144,edge
2145,edge
2146,edge
2147,edge
2148,edge
2149,edge
2150,edge
2151,edge
2152,edge
2153,edge
2154,edge
2155,edge
2156,edge
2157,edge
2158,edge
2159,edge
2160,edge
2161,edge
2162,edge
2163,edge
2164,dmd
2165,dmd
2166,dmd
2167,dmd
2168,dmd
2169,dmd
2170,dmd
2171,dmd
2172,dmd
2173,dmd
2174,dmd
2175,dmd
2176,dmd
2177,dmd
2178,dmd
2179,dmd
2180,dmd
2181,dmd
2182,dmd
2183,dmd
2184,cmc
2185,cmc
2186,cmc
2187,cmc
2188,cmc
2189,cmc
2190,cmc
2191,cmc
2192,cmc
2193,cmc
2194,cmc
2195,cmc
2196,cmc
2197,cmc
2198,cmc
2199,cmc
2200,cmc
2201,random
2202,random
2203,random
2204,random
2205,random
2206,random
2207,random
2208,random
2209,random
2210,random
2211,random
2212,random
2213,random
2214,random
2215,random
2216,random
2217,random
2218,random
2219,random
2220,random
2221,random
2222,random
2223,random
2224,random
2225,random
2226,random
2227,random
2228,random
2229,random
2230,random
2231,random
2232,random
2233,random
2234,random
2235,random
2236,random
2237,random
2238,random
2239,random
2240,random
2241,random
2242,random
2243,random
2244,random
2245,random
2246,random
2247,random
2248,random
2249,random
2250,random
2251,random
2252,random
2253,random
2254,random
2255,random
2256,random
2257,random
2258,random
2259,random
2260,random
2261,random
2262,random
2263,random
2264,random
2265,random
2266,random
2267,random
2268,random
2269,random
2270,random
2271,random
2272,random
2273,random
2274,random
2275,random
2276,random
2277,random
2278,random
2279,random
2280,random
2281,random
2282,random
2283,random
2284,random
2285,random
2286,random
2287,random
2288,random
2289,random
2290,random
2291,random
2292,random
2293,random
2294,ring
2295,ring
2296,ring
2297,ring
2298,ring
2299,ring
2300,ring
2301,ring
2302,ring
2303,ring
2304,ring
2305,ring
2306,ring
2307,ring
2308,ring
2309,ring
2310,ring
2311,ring
2312,ring
2313,ring
2314,ring
2315,ring
2316,ring
2317,ring
2318,ring
2319,ring
2320,ring
2321,ring
2322,ring
2323,ring
2324,ring
2325,ring
2326,ring
2327,ring
2328,ring
2329,ring
2330,ring
2331,ring
2332,ring
2333,ring
2334,ring
2335,ring
2336,ring
2337,ring
2338,ring
2339,ring
2340,ring
2341,ring
2342,ring
2343,ring
2344,ring
2345,ring
2346,ring
2347,ring
2348,ring
2349,center
2350,center
2351,center
2352,center
2353,center
2354,center
2355,center
2356,center
2357,center
2358,center
2359,center
2360,center
2361,center
2362,center
2363,center
2364,center
2365,center
2366,center
2367,center
2368,center
2369,center
2370,center
2371,center
2372,center
2373,center
2374,center
2375,center
2376,center
2377,center
2378,center
2379,center
2380,center
2381,center
2382,center
2383,donut
2384,donut
2385,donut
2386,donut
2387,donut
2388,donut
2389,donut
2390,donut
2391,donut
2392,donut
2393,donut
2394,donut
2395,donut
2396,donut
2397,donut
2398,donut
2399,donut
2400,donut
2401,donut
2402,donut
2403,donut
2404,donut
2405,donut
2406,donut
2407,donut
2408,donut
2409,donut
2410,donut
2411,donut
2412,moon
2413,moon
2414,moon
2415,moon
2416,moon
2417,moon
2418,moon
2419,moon
2420,moon
2421,moon
2422,moon
2423,moon
2424,moon
2425,moon
2426,moon
2427,moon
2428,moon
2429,moon
2430,moon
2431,moon
2432,moon
2433,moon
2434,moon
2435,moon
2436,moon
2437,moon
2438,moon
2439,moon
2440,moon
2441,moon
2442,moon
2443,moon
2444,moon
2445,moon
2446,moon
2447,moon
2448,moon
2449,moon
2450,moon
2451,moon
2452,moon
2453,moon
2454,moon
2455,moon
2456,moon
2457,moon
2458,moon
2459,moon
2460,moon
2461,moon
2462,moon
2463,moon
2464,moon
2465,moon
2466,moon
2467,moon
2468,moon
2469,moon
2470,edge
2471,edge
2472,edge
2473,edge
2474,edge
2475,edge
2476,edge
2477,edge
2478,edge
2479,edge
2480,edge
2481,edge
2482,edge
2483,edge
2484,edge
2485,edge
2486,edge
2487,edge
2488,edge
2489,edge
2490,edge
2491,edge
2492,edge
2493,edge
2494,edge
2495,edge
2496,edge
2497,edge
2498,edge
2499,edge
2500,edge
2501,edge
2502,edge
2503,edge
2504,edge
2505,edge
2506,edge
2507,edge
2508,edge
2509,edge
2510,edge
2511,edge
2512,edge
2513,edge
2514,edge
2515,edge
2516,edge
2517,edge
2518,edge
2519,edge
2520,edge
2521,edge
2522,edge
2523,edge
2524,dmd
2525,dmd
2526,dmd
2527,dmd
2528,dmd
2529,dmd
2530,dmd
2531,dmd
2532,dmd
2533,dmd
2534,dmd
2535,dmd
2536,dmd
2537,dmd
2538,dmd
2539,dmd
2540,dmd
2541,dmd
2542,dmd
2543,dmd
2544,dmd
2545,dmd
2546,dmd
2547,dmd
2548,dmd
2549,cmc
2550,cmc
2551,cmc
2552,cmc
2553,cmc
2554,cmc
2555,cmc
2556,cmc
2557,cmc
2558,cmc
2559,cmc
2560,cmc
2561,cmc
2562,cmc
2563,cmc
2564,cmc
2565,cmc
2566,random
2567,random
2568,random
2569,random
2570,random
2571,random
2572,random
2573,random
2574,random
2575,random
2576,random
2577,random
2578,random
2579,random
2580,random
2581,random
2582,random
2583,random
2584,random
2585,random
2586,random
2587,random
2588,random
2589,random
2590,random
2591,random
2592,random
2593,random
2594,random
2595,random
2596,random
2597,random
2598,random
2599,random
2600,random
2601,random
2602,random
2603,random
2604,random
2605,random
2606,random
2607,random
2608,random
2609,random
2610,random
2611,random
2612,random
2613,random
2614,random
2615,random
2616,random
2617,random
2618,random
2619,random
2620,random
2621,random
2622,random
2623,random
2624,random
2625,random
2626,random
2627,random
2628,random
2629,random
2630,random
2631,random
2632,random
2633,random
2634,random
2635,random
2636,random
2637,random
2638,random
2639,random
2640,random
2641,random
2642,random
2643,random
2644,random
2645,random
2646,random
2647,random
2648,random
2649,random
2650,random
2651,random
2652,random
2653,random
2654,random
2655,random
2656,random
2657,random
2658,random
2659,ring
2660,ring
2661,ring
2662,ring
2663,ring
2664,ring
2665,ring
2666,ring
2667,ring
2668,ring
2669,ring
2670,ring
2671,ring
2672,ring
2673,ring
2674,ring
2675,ring
2676,ring
2677,ring
2678,ring
2679,ring
2680,ring
2681,ring
2682,ring
2683,ring
2684,ring
2685,ring
2686,ring
2687,ring
2688,ring
2689,ring
2690,ring
2691,ring
2692,ring
2693,ring
2694,ring
2695,ring
2696,ring
2697,ring
2698,ring
2699,ring
2700,ring
2701,ring
2702,ring
2703,ring
2704,center
2705,center
2706,center
2707,center
2708,center
2709,center
2710,center
2711,center
2712,center
2713,center
2714,center
2715,center
2716,center
2717,center
2718,center
2719,center
2720,center
2721,center
2722,center
2723,center
2724,center
2725,center
2726,center
2727,center
2728,center
2729,donut
2730,donut
2731,donut
2732,donut
2733,donut
2734,donut
2735,donut
2736,donut
2737,donut
2738,donut
2739,donut
2740,donut
2741,donut
2742,donut
2743,donut
2744,donut
2745,donut
2746,donut
2747,donut
2748,donut
2749,donut
2750,donut
2751,donut
2752,donut
2753,donut
2754,moon
2755,moon
2756,moon
2757,moon
2758,moon
2759,moon
2760,moon
2761,moon
2762,moon
2763,moon
2764,moon
2765,moon
2766,moon
2767,moon
2768,moon
2769,moon
2770,moon
2771,moon
2772,moon
2773,moon
2774,moon
2775,moon
2776,moon
2777,moon
2778,moon
2779,moon
2780,moon
2781,moon
2782,moon
2783,moon
2784,moon
2785,moon
2786,moon
2787,moon
2788,moon
2789,moon
2790,moon
2791,moon
2792,moon
2793,moon
2794,moon
2795,moon
2796,moon
2797,moon
2798,moon
2799,moon
2800,moon
2801,moon
2802,edge
2803,edge
2804,edge
2805,edge
2806,edge
2807,edge
2808,edge
2809,edge
2810,edge
2811,edge
2812,edge
2813,edge
2814,edge
2815,edge
2816,edge
2817,edge
2818,edge
2819,edge
2820,edge
2821,edge
2822,edge
2823,edge
2824,edge
2825,edge
2826,edge
2827,edge
2828,edge
2829,edge
2830,edge
2831,edge
2832,edge
2833,edge
2834,edge
2835,edge
2836,edge
2837,edge
2838,edge
2839,edge
2840,edge
2841,edge
2842,edge
2843,edge
2844,edge
2845,edge
2846,dmd
2847,dmd
2848,dmd
2849,dmd
2850,dmd
2851,dmd
2852,dmd
2853,dmd
2854,dmd
2855,dmd
2856,dmd
2857,dmd
2858,dmd
2859,dmd
2860,dmd
2861,cmc
2862,cmc
2863,cmc
2864,cmc
2865,cmc
2866,cmc
2867,cmc
2868,cmc
2869,cmc
2870,cmc
2871,cmc
2872,cmc
2873,cmc
2874,cmc
2875,cmc
2876,cmc
2877,cmc
2878,random
2879,random
2880,random
2881,random
2882,random
2883,random
2884,random
2885,random
2886,random
2887,random
2888,random
2889,random
2890,random
2891,random
2892,random
2893,random
2894,random
2895,random
2896,random
2897,random
2898,random
2899,random
2900,random
2901,random
2902,random
2903,random
2904,random
2905,random
2906,random
2907,random
2908,random
2909,random
2910,random
2911,random
2912,random
2913,random
2914,random
2915,random
2916,random
2917,random
2918,random
2919,random
2920,random
2921,random
2922,random
2923,random
2924,random
2925,random
2926,random
2927,random
2928,random
2929,random
2930,random
2931,random
2932,random
2933,random
2934,random
2935,random
2936,random
2937,random
2938,random
2939,random
2940,random
2941,random
2942,random
2943,random
2944,random
2945,random
2946,random
2947,random
2948,random
2949,random
2950,random
2951,random
2952,random
2953,random
2954,random
2955,random
2956,random
2957,random
2958,random
2959,random
2960,random
2961,random
2962,ring
2963,ring
2964,ring
2965,ring
2966,ring
2967,ring
2968,ring
2969,ring
2970,ring
2971,ring
2972,ring
2973,ring
2974,ring
2975,ring
2976,ring
2977,ring
2978,ring
2979,ring
2980,ring
2981,ring
2982,ring
2983,ring
2984,ring
2985,ring
2986,ring
2987,ring
2988,ring
2989,ring
2990,ring
2991,ring
2992,ring
2993,ring
2994,ring
2995,ring
2996,ring
2997,ring
2998,ring
2999,ring
3000,ring
3001,ring
3002,ring
3003,ring
3004,ring
3005,ring
3006,ring
3007,ring
3008,ring
3009,center
3010,center
3011,center
3012,center
3013,center
3014,center
3015,center
3016,center
3017,center
3018,center
3019,center
3020,center
3021,center
3022,center
3023,center
3024,center
3025,center
3026,center
3027,center
3028,center
3029,center
3030,center
3031,center
3032,center
3033,center
3034,center
3035,center
3036,center
3037,center
3038,center
3039,center
3040,center
3041,center
3042,center
3043,center
3044,center
3045,center
3046,center
3047,center
3048,center
3049,center
3050,center
3051,center
3052,donut
3053,donut
3054,donut
3055,donut
3056,donut
3057,donut
3058,donut
3059,donut
3060,donut
3061,donut
3062,donut
3063,donut
3064,donut
3065,donut
3066,donut
3067,donut
3068,donut
3069,donut
3070,donut
3071,donut
3072,donut
3073,donut
3074,donut
3075,donut
3076,donut
3077,donut
3078,donut
3079,donut
3080,donut
3081,donut
3082,donut
3083,donut
3084,donut
3085,donut
3086,donut
3087,moon
3088,moon
3089,moon
3090,moon
3091,moon
3092,moon
3093,moon
3094,moon
3095,moon
3096,moon
3097,moon
3098,moon
3099,moon
3100,moon
3101,moon
3102,moon
3103,moon
3104,moon
3105,moon
3106,moon
3107,moon
3108,moon
3109,moon
3110,moon
3111,moon
3112,moon
3113,moon
3114,moon
3115,moon
3116,moon
3117,moon
3118,moon
3119,moon
3120,moon
3121,moon
3122,moon
3123,moon
3124,moon
3125,moon
3126,moon
3127,moon
3128,moon
3129,moon
3130,moon
3131,moon
3132,moon
3133,moon
3134,moon
3135,moon
3136,moon
3137,moon
3138,moon
3139,moon
3140,edge
3141,edge
3142,edge
3143,edge
3144,edge
3145,edge
3146,edge
3147,edge
3148,edge
3149,edge
3150,edge
3151,edge
3152,edge
3153,edge
3154,edge
3155,edge
3156,edge
3157,edge
3158,edge
3159,edge
3160,edge
3161,edge
3162,edge
3163,edge
3164,edge
3165,edge
3166,edge
3167,edge
3168,edge
3169,edge
3170,edge
3171,edge
3172,edge
3173,edge
3174,edge
3175,edge
3176,edge
3177,edge
3178,edge
3179,edge
3180,edge
3181,edge
3182,edge
3183,edge
3184,edge
3185,edge
3186,edge
3187,edge
3188,edge
3189,edge
3190,edge
3191,dmd
3192,dmd
3193,dmd
3194,dmd
3195,dmd
3196,dmd
3197,dmd
3198,dmd
3199,dmd
3200,dmd
3201,dmd
3202,dmd
3203,dmd
3204,dmd
3205,dmd
3206,dmd
3207,dmd
3208,dmd
3209,dmd
3210,dmd
3211,dmd
3212,dmd
3213,dmd
3214,dmd
3215,dmd
3216,dmd
3217,dmd
3218,dmd
3219,cmc
3220,cmc
3221,cmc
3222,cmc
3223,cmc
3224,cmc
3225,cmc
3226,cmc
3227,cmc
3228,cmc
3229,cmc
3230,cmc
3231,cmc
3232,cmc
3233,cmc
3234,cmc
3235,cmc
3236,cmc
3237,cmc
3238,cmc
3239,cmc
3240,cmc
